{"Black": {"precision": 0.7918032786885246, "recall": 0.6949640287769784, "f1-score": 0.7402298850574712, "support": 695.0}, 
"Blue": {"precision": 0.7893481717011129, "recall": 0.9152073732718894, "f1-score": 0.8476312419974392, "support": 1085.0}, 
"Green": {"precision": 0.9106280193236715, "recall": 0.9436795994993742, "f1-score": 0.926859250153657, "support": 799.0}, 
"TTR": {"precision": 0.8979591836734694, "recall": 0.7746478873239436, "f1-score": 0.831758034026465, "support": 852.0}, 
"accuracy": 0.8423200233168172, "macro avg": {"precision": 0.8474346633466947, "recall": 0.8321247222180463, "f1-score": 0.836619602808758, "support": 3431.0}, "weighted avg": {"precision": 0.845059474472061, "recall": 0.8423200233168172, "f1-score": 0.8403841601706454, "support": 3431.0}}