{"Black": {"precision": 0.726775956284153, "recall": 0.7654676258992805, "f1-score": 0.7456201822004205, "support": 695.0}, "Blue": {"precision": 0.8200339558573854, "recall": 0.8903225806451613, "f1-score": 0.8537339814405657, "support": 1085.0}, "Green": {"precision": 0.9320754716981132, "recall": 0.9274092615769712, "f1-score": 0.9297365119196989, "support": 799.0}, "TTR": {"precision": 0.8939393939393939, "recall": 0.7617370892018779, "f1-score": 0.8225602027883396, "support": 852.0}, "accuracy": 0.8417371028854561, "macro avg": {"precision": 0.8432061944447614, "recall": 0.8362341393308228, "f1-score": 0.8379127195872561, "support": 3431.0}, "weighted avg": {"precision": 0.8455875247000599, "recall": 0.8417371028854561, "f1-score": 0.8417919447076101, "support": 3431.0}}